{"score": 10.29000003452034, "cv": 1, "value loss": 14.26257610321045, "cost value loss": 0.003930834122002125, "objective": 258622062592.0, "cost surrogate": -1523716456448.0, "kl": 0.0007629386382177472, "entropy": 0.8560201525688171, "_timestamp": 1663595014.0854397, "_runtime": 174.6210117340088, "_step": 18, "_wandb": {"runtime": 174}}