{"score": 12.635950126194771, "cv": 1, "value loss": 13.814811706542969, "cost value loss": 0.03808431327342987, "objective": 4.880911350250244, "cost surrogate": 2.086989402770996, "kl": 8.531852307980259e-12, "entropy": 0.8487627506256104, "_timestamp": 1663860999.0018551, "_runtime": 88.22236609458923, "_step": 0, "_wandb": {"runtime": 86}}