{"score": 36.33697716098995, "cv": 1, "value loss": 27.052518844604492, "cost value loss": 0.0072317407466471195, "objective": 0.8314201831817627, "cost surrogate": 0.9745203852653503, "kl": 0.0031010163947939873, "entropy": 0.19553740322589874, "_timestamp": 1664127733.5799015, "_runtime": 325.33169436454773, "_step": 27, "_wandb": {"runtime": 326}}