{"score": 4.073268816164925, "cv": 1, "value loss": 12.092089653015137, "cost value loss": 0.01338389702141285, "objective": 0.6353147029876709, "cost surrogate": 2.884643077850342, "kl": 6.636567961848527e-10, "entropy": 0.8259148001670837, "_timestamp": 1663594306.3669348, "_runtime": 77.81717467308044, "_step": 1, "_wandb": {"runtime": 103}}