{"score": 15.24533966498066, "cv": 1, "value loss": 14.356520652770996, "cost value loss": 0.003877190873026848, "objective": Infinity, "cost surrogate": -Infinity, "kl": 3.229526328141219e-06, "entropy": -0.5398429036140442, "_timestamp": 1663863152.943145, "_runtime": 2069.8623399734497, "_step": 896}