{"score": 15.267661823839095, "cv": 1, "value loss": 15.816486358642578, "cost value loss": 0.00515329372137785, "objective": 16.860393524169922, "cost surrogate": 0.14056932926177979, "kl": 1.0269711310684215e-05, "entropy": 0.9226956367492676, "_timestamp": 1663861067.0991871, "_runtime": 19.046778202056885, "_step": 3, "_wandb": {"runtime": 21}}